scenario_id,family,severity,pops_hit,n_hit,survive_p0,survive_p1,survive_p2,survive_p3,habitat_p0,habitat_p1,habitat_p2,habitat_p3,n_destroyed,habitat_lost,indiv_lost,recolonize
0,control,none,none,0,1,1,1,1,1,1,1,1,0,0,0,FALSE
1,subset,halve,p0,1,0.5,1,1,1,0.5,1,1,1,0,0.125,0.125,FALSE
2,subset,severe,p0,1,0.1,1,1,1,0.1,1,1,1,0,0.225,0.225,FALSE
3,subset,bottleneck,p0,1,0.1,1,1,1,1,1,1,1,0,0,0.225,FALSE
4,subset,destroy_recol,p0,1,0,1,1,1,1,1,1,1,1,0,0.25,TRUE
5,subset,destroy_norecol,p0,1,0,1,1,1,0,1,1,1,1,0.25,0.25,FALSE
6,subset,halve,p1,1,1,0.5,1,1,1,0.5,1,1,0,0.125,0.125,FALSE
7,subset,severe,p1,1,1,0.1,1,1,1,0.1,1,1,0,0.225,0.225,FALSE
8,subset,bottleneck,p1,1,1,0.1,1,1,1,1,1,1,0,0,0.225,FALSE
9,subset,destroy_recol,p1,1,1,0,1,1,1,1,1,1,1,0,0.25,TRUE
10,subset,destroy_norecol,p1,1,1,0,1,1,1,0,1,1,1,0.25,0.25,FALSE
11,subset,halve,p2,1,1,1,0.5,1,1,1,0.5,1,0,0.125,0.125,FALSE
12,subset,severe,p2,1,1,1,0.1,1,1,1,0.1,1,0,0.225,0.225,FALSE
13,subset,bottleneck,p2,1,1,1,0.1,1,1,1,1,1,0,0,0.225,FALSE
14,subset,destroy_recol,p2,1,1,1,0,1,1,1,1,1,1,0,0.25,TRUE
15,subset,destroy_norecol,p2,1,1,1,0,1,1,1,0,1,1,0.25,0.25,FALSE
16,subset,halve,p3,1,1,1,1,0.5,1,1,1,0.5,0,0.125,0.125,FALSE
17,subset,severe,p3,1,1,1,1,0.1,1,1,1,0.1,0,0.225,0.225,FALSE
18,subset,bottleneck,p3,1,1,1,1,0.1,1,1,1,1,0,0,0.225,FALSE
19,subset,destroy_recol,p3,1,1,1,1,0,1,1,1,1,1,0,0.25,TRUE
20,subset,destroy_norecol,p3,1,1,1,1,0,1,1,1,0,1,0.25,0.25,FALSE
21,subset,halve,p0+p1,2,0.5,0.5,1,1,0.5,0.5,1,1,0,0.25,0.25,FALSE
22,subset,severe,p0+p1,2,0.1,0.1,1,1,0.1,0.1,1,1,0,0.45,0.45,FALSE
23,subset,bottleneck,p0+p1,2,0.1,0.1,1,1,1,1,1,1,0,0,0.45,FALSE
24,subset,destroy_recol,p0+p1,2,0,0,1,1,1,1,1,1,2,0,0.5,TRUE
25,subset,destroy_norecol,p0+p1,2,0,0,1,1,0,0,1,1,2,0.5,0.5,FALSE
26,subset,halve,p0+p2,2,0.5,1,0.5,1,0.5,1,0.5,1,0,0.25,0.25,FALSE
27,subset,severe,p0+p2,2,0.1,1,0.1,1,0.1,1,0.1,1,0,0.45,0.45,FALSE
28,subset,bottleneck,p0+p2,2,0.1,1,0.1,1,1,1,1,1,0,0,0.45,FALSE
29,subset,destroy_recol,p0+p2,2,0,1,0,1,1,1,1,1,2,0,0.5,TRUE
30,subset,destroy_norecol,p0+p2,2,0,1,0,1,0,1,0,1,2,0.5,0.5,FALSE
31,subset,halve,p0+p3,2,0.5,1,1,0.5,0.5,1,1,0.5,0,0.25,0.25,FALSE
32,subset,severe,p0+p3,2,0.1,1,1,0.1,0.1,1,1,0.1,0,0.45,0.45,FALSE
33,subset,bottleneck,p0+p3,2,0.1,1,1,0.1,1,1,1,1,0,0,0.45,FALSE
34,subset,destroy_recol,p0+p3,2,0,1,1,0,1,1,1,1,2,0,0.5,TRUE
35,subset,destroy_norecol,p0+p3,2,0,1,1,0,0,1,1,0,2,0.5,0.5,FALSE
36,subset,halve,p1+p2,2,1,0.5,0.5,1,1,0.5,0.5,1,0,0.25,0.25,FALSE
37,subset,severe,p1+p2,2,1,0.1,0.1,1,1,0.1,0.1,1,0,0.45,0.45,FALSE
38,subset,bottleneck,p1+p2,2,1,0.1,0.1,1,1,1,1,1,0,0,0.45,FALSE
39,subset,destroy_recol,p1+p2,2,1,0,0,1,1,1,1,1,2,0,0.5,TRUE
40,subset,destroy_norecol,p1+p2,2,1,0,0,1,1,0,0,1,2,0.5,0.5,FALSE
41,subset,halve,p1+p3,2,1,0.5,1,0.5,1,0.5,1,0.5,0,0.25,0.25,FALSE
42,subset,severe,p1+p3,2,1,0.1,1,0.1,1,0.1,1,0.1,0,0.45,0.45,FALSE
43,subset,bottleneck,p1+p3,2,1,0.1,1,0.1,1,1,1,1,0,0,0.45,FALSE
44,subset,destroy_recol,p1+p3,2,1,0,1,0,1,1,1,1,2,0,0.5,TRUE
45,subset,destroy_norecol,p1+p3,2,1,0,1,0,1,0,1,0,2,0.5,0.5,FALSE
46,subset,halve,p2+p3,2,1,1,0.5,0.5,1,1,0.5,0.5,0,0.25,0.25,FALSE
47,subset,severe,p2+p3,2,1,1,0.1,0.1,1,1,0.1,0.1,0,0.45,0.45,FALSE
48,subset,bottleneck,p2+p3,2,1,1,0.1,0.1,1,1,1,1,0,0,0.45,FALSE
49,subset,destroy_recol,p2+p3,2,1,1,0,0,1,1,1,1,2,0,0.5,TRUE
50,subset,destroy_norecol,p2+p3,2,1,1,0,0,1,1,0,0,2,0.5,0.5,FALSE
51,subset,halve,p0+p1+p2,3,0.5,0.5,0.5,1,0.5,0.5,0.5,1,0,0.375,0.375,FALSE
52,subset,severe,p0+p1+p2,3,0.1,0.1,0.1,1,0.1,0.1,0.1,1,0,0.675,0.675,FALSE
53,subset,bottleneck,p0+p1+p2,3,0.1,0.1,0.1,1,1,1,1,1,0,0,0.675,FALSE
54,subset,destroy_recol,p0+p1+p2,3,0,0,0,1,1,1,1,1,3,0,0.75,TRUE
55,subset,destroy_norecol,p0+p1+p2,3,0,0,0,1,0,0,0,1,3,0.75,0.75,FALSE
56,subset,halve,p0+p1+p3,3,0.5,0.5,1,0.5,0.5,0.5,1,0.5,0,0.375,0.375,FALSE
57,subset,severe,p0+p1+p3,3,0.1,0.1,1,0.1,0.1,0.1,1,0.1,0,0.675,0.675,FALSE
58,subset,bottleneck,p0+p1+p3,3,0.1,0.1,1,0.1,1,1,1,1,0,0,0.675,FALSE
59,subset,destroy_recol,p0+p1+p3,3,0,0,1,0,1,1,1,1,3,0,0.75,TRUE
60,subset,destroy_norecol,p0+p1+p3,3,0,0,1,0,0,0,1,0,3,0.75,0.75,FALSE
61,subset,halve,p0+p2+p3,3,0.5,1,0.5,0.5,0.5,1,0.5,0.5,0,0.375,0.375,FALSE
62,subset,severe,p0+p2+p3,3,0.1,1,0.1,0.1,0.1,1,0.1,0.1,0,0.675,0.675,FALSE
63,subset,bottleneck,p0+p2+p3,3,0.1,1,0.1,0.1,1,1,1,1,0,0,0.675,FALSE
64,subset,destroy_recol,p0+p2+p3,3,0,1,0,0,1,1,1,1,3,0,0.75,TRUE
65,subset,destroy_norecol,p0+p2+p3,3,0,1,0,0,0,1,0,0,3,0.75,0.75,FALSE
66,subset,halve,p1+p2+p3,3,1,0.5,0.5,0.5,1,0.5,0.5,0.5,0,0.375,0.375,FALSE
67,subset,severe,p1+p2+p3,3,1,0.1,0.1,0.1,1,0.1,0.1,0.1,0,0.675,0.675,FALSE
68,subset,bottleneck,p1+p2+p3,3,1,0.1,0.1,0.1,1,1,1,1,0,0,0.675,FALSE
69,subset,destroy_recol,p1+p2+p3,3,1,0,0,0,1,1,1,1,3,0,0.75,TRUE
70,subset,destroy_norecol,p1+p2+p3,3,1,0,0,0,1,0,0,0,3,0.75,0.75,FALSE
71,subset,halve,p0+p1+p2+p3,4,0.5,0.5,0.5,0.5,0.5,0.5,0.5,0.5,0,0.5,0.5,FALSE
72,subset,severe,p0+p1+p2+p3,4,0.1,0.1,0.1,0.1,0.1,0.1,0.1,0.1,0,0.9,0.9,FALSE
73,subset,bottleneck,p0+p1+p2+p3,4,0.1,0.1,0.1,0.1,1,1,1,1,0,0,0.9,FALSE
74,gradient,west_hardest,p0+p1+p2,3,0.25,0.5,0.75,1,0.25,0.5,0.75,1,0,0.375,0.375,FALSE
75,gradient,east_hardest,p1+p2+p3,3,1,0.75,0.5,0.25,1,0.75,0.5,0.25,0,0.375,0.375,FALSE
